{
    "specific": {
        "ks": [
            1,
            2,
            3,
            4,
            5,
            6,
            7,
            8,
            9,
            10,
            11,
            12,
            13,
            14,
            15,
            16,
            17,
            18,
            19
        ],
        "recalls": [
            0.0,
            0.0,
            0.0,
            0.1,
            0.1,
            0.1,
            0.1,
            0.1,
            0.1,
            0.1,
            0.1,
            0.1,
            0.1,
            0.1,
            0.1,
            0.1,
            0.1,
            0.1,
            0.1
        ],
        "precisions": [
            0.0,
            0.0,
            0.0,
            0.025,
            0.02,
            0.016666666666666666,
            0.014285714285714285,
            0.0125,
            0.01111111111111111,
            0.01,
            0.00909090909090909,
            0.008333333333333333,
            0.007692307692307693,
            0.007142857142857143,
            0.006666666666666666,
            0.00625,
            0.0058823529411764705,
            0.005555555555555555,
            0.005263157894736842
        ]
    },
    "document": {
        "ks": [
            1,
            2,
            3,
            4,
            5,
            6,
            7,
            8,
            9,
            10,
            11,
            12,
            13,
            14,
            15,
            16,
            17,
            18,
            19
        ],
        "recalls": [
            0.02,
            0.02,
            0.02,
            0.02,
            0.02,
            0.02,
            0.02,
            0.02,
            0.02,
            0.02,
            0.02,
            0.02,
            0.02,
            0.02,
            0.02,
            0.02,
            0.02,
            0.02,
            0.02
        ],
        "precisions": [
            0.2,
            0.1,
            0.06666666666666667,
            0.05,
            0.04,
            0.03333333333333333,
            0.02857142857142857,
            0.025,
            0.02222222222222222,
            0.02,
            0.01818181818181818,
            0.016666666666666666,
            0.015384615384615385,
            0.014285714285714285,
            0.013333333333333332,
            0.0125,
            0.011764705882352941,
            0.01111111111111111,
            0.010526315789473684
        ]
    },
    "multi_document": {
        "ks": [
            1,
            2,
            3,
            4,
            5,
            6,
            7,
            8,
            9,
            10,
            11,
            12,
            13,
            14,
            15,
            16,
            17,
            18,
            19
        ],
        "recalls": [
            0.030303030303030304,
            0.030303030303030304,
            0.030303030303030304,
            0.030303030303030304,
            0.030303030303030304,
            0.030303030303030304,
            0.030303030303030304,
            0.030303030303030304,
            0.030303030303030304,
            0.030303030303030304,
            0.030303030303030304,
            0.030303030303030304,
            0.030303030303030304,
            0.030303030303030304,
            0.030303030303030304,
            0.041797283176593515,
            0.041797283176593515,
            0.041797283176593515,
            0.041797283176593515
        ],
        "precisions": [
            0.3333333333333333,
            0.16666666666666666,
            0.1111111111111111,
            0.08333333333333333,
            0.06666666666666667,
            0.05555555555555555,
            0.047619047619047616,
            0.041666666666666664,
            0.037037037037037035,
            0.03333333333333333,
            0.030303030303030304,
            0.027777777777777776,
            0.025641025641025644,
            0.023809523809523808,
            0.022222222222222223,
            0.041666666666666664,
            0.0392156862745098,
            0.037037037037037035,
            0.03508771929824561
        ]
    }
}